Year,Team,City,W,L,WPCT,GB,PS/G,PA/G,SRS
2002,Atlanta Hawks,Atlanta,35,47,0.427,15,94.1,97.6,-3.87
2018,Atlanta Hawks,Atlanta,29,53,0.354,31,113.3,119.4,-6.06
2003,Atlanta Hawks,Atlanta,28,54,0.341,33,92.8,97.5,-5
2001,Atlanta Hawks,Atlanta,33,49,0.402,17,94,98.3,-4.41
2006,Atlanta Hawks,Atlanta,30,52,0.366,14,93.7,98.4,-4.86
2000,Atlanta Hawks,Atlanta,25,57,0.305,27,91,96.2,-5.55
2005,Atlanta Hawks,Atlanta,26,56,0.317,26,97.2,102,-4.69
2017,Atlanta Hawks,Atlanta,24,58,0.293,35,103.4,108.8,-5.3
2004,Atlanta Hawks,Atlanta,13,69,0.159,46,92.7,102.5,-9.62
2014,Atlanta Hawks,Atlanta,60,22,0.732,—,102.5,97.1,4.75
2009,Atlanta Hawks,Atlanta,53,29,0.646,6,101.7,97,4.44
2015,Atlanta Hawks,Atlanta,48,34,0.585,9,102.8,99.2,3.49
2008,Atlanta Hawks,Atlanta,47,35,0.573,12,98.1,96.5,1.7
2016,Atlanta Hawks,Atlanta,43,39,0.524,10,103.2,104,-1.23
2011,Atlanta Hawks,Atlanta,40,26,0.606,6,96.6,93.2,2.67
2010,Atlanta Hawks,Atlanta,44,38,0.537,14,95,95.8,-1.1
2012,Atlanta Hawks,Atlanta,44,38,0.537,22,98,97.5,-0.08
2013,Atlanta Hawks,Atlanta,38,44,0.463,16,101,101.5,-0.88
2007,Atlanta Hawks,Atlanta,37,45,0.451,15,98.2,100,-2.23
2005,Boston Celtics,Boston,33,49,0.402,16,98,99.5,-1.59
2013,Boston Celtics,Boston,25,57,0.305,23,96.2,100.7,-4.97
2006,Boston Celtics,Boston,24,58,0.293,23,95.8,99.2,-3.7
2000,Boston Celtics,Boston,36,46,0.439,20,94.6,96.8,-2.4
2016,Boston Celtics,Boston,53,29,0.646,—,108,105.4,2.25
2007,Boston Celtics,Boston,66,16,0.805,—,100.5,90.3,9.3
2017,Boston Celtics,Boston,55,27,0.671,4,104,100.4,3.23
2008,Boston Celtics,Boston,62,20,0.756,—,100.9,93.4,7.44
2010,Boston Celtics,Boston,56,26,0.683,—,96.5,91.1,4.83
2004,Boston Celtics,Boston,45,37,0.549,—,101.3,100.4,0.35
2001,Boston Celtics,Boston,49,33,0.598,3,96.4,94.1,1.75
2018,Boston Celtics,Boston,49,33,0.598,11,112.4,108,3.9
2011,Boston Celtics,Boston,39,27,0.591,—,91.8,89.3,2.26
2009,Boston Celtics,Boston,50,32,0.61,—,99.2,95.6,3.37
2015,Boston Celtics,Boston,48,34,0.585,9,105.7,102.5,2.84
2002,Boston Celtics,Boston,44,38,0.537,5,92.7,93.1,-0.75
2014,Boston Celtics,Boston,40,42,0.488,9,101.4,101.2,-0.4
2012,Boston Celtics,Boston,41,40,0.506,12.5,96.5,96.7,-0.62
2003,Boston Celtics,Boston,36,46,0.439,11,95.3,96.7,-1.99
2017,Brooklyn Nets,New York City,28,54,0.341,31,106.6,110.3,-3.67
2015,Brooklyn Nets,New York City,21,61,0.256,36,98.6,106,-7.12
2016,Brooklyn Nets,New York City,20,62,0.244,33,105.8,112.5,-6.74
2012,Brooklyn Nets,New York City,49,33,0.598,5,96.9,95.1,1.25
2013,Brooklyn Nets,New York City,44,38,0.537,4,98.5,99.5,-1.58
2018,Brooklyn Nets,New York City,42,40,0.512,18,112.3,112.3,-0.4
2014,Brooklyn Nets,New York City,38,44,0.463,11,98,100.9,-3.13
2010,Charlotte Bobcats,Charlotte,34,48,0.415,24,93.3,97.3,-4.08
2008,Charlotte Bobcats,Charlotte,35,47,0.427,24,93.6,94.9,-1.2
2006,Charlotte Bobcats,Charlotte,33,49,0.402,11,96.9,100.6,-3.97
2007,Charlotte Bobcats,Charlotte,32,50,0.39,20,97.1,101.4,-4.49
2005,Charlotte Bobcats,Charlotte,26,56,0.317,26,96.9,100.9,-3.9
2012,Charlotte Bobcats,Charlotte,21,61,0.256,45,93.4,102.7,-9.29
2004,Charlotte Bobcats,Charlotte,18,64,0.22,41,94.3,100.2,-6.15
2011,Charlotte Bobcats,Charlotte,7,59,0.106,39,87,100.9,-13.96
2013,Charlotte Bobcats,Charlotte,43,39,0.524,11,96.9,97.1,-0.89
2009,Charlotte Bobcats,Charlotte,44,38,0.537,15,95.3,93.8,1.3
2017,Charlotte Hornets,Charlotte,36,46,0.439,23,108.2,108,0.07
2016,Charlotte Hornets,Charlotte,36,46,0.439,17,104.9,104.7,-0.07
2014,Charlotte Hornets,Charlotte,33,49,0.402,27,94.2,97.3,-3.44
2018,Charlotte Hornets,Charlotte,39,43,0.476,21,110.7,111.8,-1.32
2001,Charlotte Hornets,Charlotte,44,38,0.537,6,93.9,92.9,0.57
2015,Charlotte Hornets,Charlotte,48,34,0.585,9,103.4,100.7,2.36
2000,Charlotte Hornets,Charlotte,46,36,0.561,6,91.9,89.8,1.45
2007,Chicago Bulls,Chicago,33,49,0.402,26,97.3,100.4,-3.19
2002,Chicago Bulls,Chicago,30,52,0.366,20,95,100.1,-5.31
2018,Chicago Bulls,Chicago,22,60,0.268,38,104.9,113.4,-8.32
2017,Chicago Bulls,Chicago,27,55,0.329,32,102.9,110,-6.84
2003,Chicago Bulls,Chicago,23,59,0.28,38,89.7,96,-6.69
2001,Chicago Bulls,Chicago,21,61,0.256,29,89.5,98,-8.52
2000,Chicago Bulls,Chicago,15,67,0.183,37,87.6,96.7,-9.09
2015,Chicago Bulls,Chicago,42,40,0.512,15,101.6,103.1,-1.46
2011,Chicago Bulls,Chicago,50,16,0.758,—,96.3,88.2,7.43
2010,Chicago Bulls,Chicago,62,20,0.756,—,98.6,91.3,6.53
2014,Chicago Bulls,Chicago,50,32,0.61,3,100.8,97.8,2.54
2013,Chicago Bulls,Chicago,48,34,0.585,8,93.7,91.8,1.2
2004,Chicago Bulls,Chicago,47,35,0.573,7,94.5,93.4,0.65
2012,Chicago Bulls,Chicago,45,37,0.549,4.5,93.2,92.9,-0.02
2006,Chicago Bulls,Chicago,49,33,0.598,4,98.8,93.8,4.52
2008,Chicago Bulls,Chicago,41,41,0.5,25,102.2,102.5,-0.16
2005,Chicago Bulls,Chicago,41,41,0.5,23,97.8,97.2,0.51
2016,Chicago Bulls,Chicago,41,41,0.5,12,102.9,102.4,0.03
2009,Chicago Bulls,Chicago,41,41,0.5,20,97.5,99.1,-1.64
2013,Cleveland Cavaliers,Cleveland,33,49,0.402,23,98.2,101.5,-3.86
2000,Cleveland Cavaliers,Cleveland,30,52,0.366,22,92.2,96.5,-4.48
2012,Cleveland Cavaliers,Cleveland,24,58,0.293,25.5,96.5,101.2,-4.87
2011,Cleveland Cavaliers,Cleveland,21,45,0.318,29,93,100.2,-7.34
2018,Cleveland Cavaliers,Cleveland,19,63,0.232,41,104.5,114.1,-9.39
2001,Cleveland Cavaliers,Cleveland,29,53,0.354,21,95.3,98.6,-3.52
2010,Cleveland Cavaliers,Cleveland,19,63,0.232,43,95.5,104.5,-8.88
2002,Cleveland Cavaliers,Cleveland,17,65,0.207,33,91.4,101,-9.59
2004,Cleveland Cavaliers,Cleveland,42,40,0.512,12,96.5,95.7,0.27
2003,Cleveland Cavaliers,Cleveland,35,47,0.427,26,92.9,95.5,-3.07
2015,Cleveland Cavaliers,Cleveland,57,25,0.695,—,104.3,98.3,5.45
2009,Cleveland Cavaliers,Cleveland,61,21,0.744,—,102.1,95.6,6.17
2008,Cleveland Cavaliers,Cleveland,66,16,0.805,—,100.3,91.4,8.68
2016,Cleveland Cavaliers,Cleveland,51,31,0.622,2,110.3,107.2,2.87
2014,Cleveland Cavaliers,Cleveland,53,29,0.646,—,103.1,98.7,4.08
2006,Cleveland Cavaliers,Cleveland,50,32,0.61,3,96.8,92.9,3.33
2017,Cleveland Cavaliers,Cleveland,50,32,0.61,9,110.9,109.9,0.59
2007,Cleveland Cavaliers,Cleveland,45,37,0.549,14,96.4,96.7,-0.53
2005,Cleveland Cavaliers,Cleveland,50,32,0.61,14,97.6,95.4,2.17
2012,Dallas Mavericks,Dallas,41,41,0.5,17,101.1,101.7,-0.24
2016,Dallas Mavericks,Dallas,33,49,0.402,34,97.9,100.8,-2.53
2017,Dallas Mavericks,Dallas,24,58,0.293,41,102.3,105.4,-2.7
2018,Dallas Mavericks,Dallas,33,49,0.402,24,108.9,110.1,-0.87
2006,Dallas Mavericks,Dallas,67,15,0.817,—,100,92.8,7.28
2009,Dallas Mavericks,Dallas,55,27,0.671,—,102,99.3,2.66
2010,Dallas Mavericks,Dallas,57,25,0.695,4,100.2,96,4.41
2002,Dallas Mavericks,Dallas,60,22,0.732,—,103,95.2,7.9
2005,Dallas Mavericks,Dallas,60,22,0.732,3,99.1,93.1,5.96
2004,Dallas Mavericks,Dallas,58,24,0.707,1,102.5,96.8,5.86
2001,Dallas Mavericks,Dallas,57,25,0.695,1,105.2,101,4.41
2003,Dallas Mavericks,Dallas,52,30,0.634,6,105.2,100.8,4.86
2000,Dallas Mavericks,Dallas,53,29,0.646,5,100.5,96.2,4.61
2015,Dallas Mavericks,Dallas,42,40,0.512,31,102.3,102.6,-0.02
2008,Dallas Mavericks,Dallas,50,32,0.61,4,101.7,99.8,1.68
2014,Dallas Mavericks,Dallas,50,32,0.61,6,105.2,102.3,3.36
2011,Dallas Mavericks,Dallas,36,30,0.545,14,95.8,94.8,1.78
2007,Dallas Mavericks,Dallas,51,31,0.622,5,100.4,95.9,4.7
2013,Dallas Mavericks,Dallas,49,33,0.598,13,104.8,102.4,2.91
2015,Denver Nuggets,Denver,33,49,0.402,40,101.9,105,-2.81
2013,Denver Nuggets,Denver,36,46,0.439,23,104.4,106.5,-1.4
2000,Denver Nuggets,Denver,40,42,0.488,18,96.6,99,-1.83
2014,Denver Nuggets,Denver,30,52,0.366,21,101.5,105,-3.07
2001,Denver Nuggets,Denver,27,55,0.329,31,92.2,98,-5.19
2002,Denver Nuggets,Denver,17,65,0.207,43,84.2,92.4,-7.41
2017,Denver Nuggets,Denver,46,36,0.561,19,110,108.5,1.57
2016,Denver Nuggets,Denver,40,42,0.488,27,111.7,111.2,0.7
2018,Denver Nuggets,Denver,54,28,0.659,3,110.7,106.7,4.19
2008,Denver Nuggets,Denver,54,28,0.659,—,104.3,100.9,3.13
2012,Denver Nuggets,Denver,57,25,0.695,3,106.1,101.1,5.37
2005,Denver Nuggets,Denver,44,38,0.537,—,100.3,100.1,0.36
2009,Denver Nuggets,Denver,53,29,0.646,—,106.5,102.4,4.15
2010,Denver Nuggets,Denver,50,32,0.61,5,107.5,102.7,4.81
2011,Denver Nuggets,Denver,38,28,0.576,9,104.1,101.2,3.16
2006,Denver Nuggets,Denver,45,37,0.549,6,105.4,103.7,1.69
2004,Denver Nuggets,Denver,49,33,0.598,3,99.5,97.5,2.23
2007,Denver Nuggets,Denver,50,32,0.61,4,110.7,107,3.74
2003,Denver Nuggets,Denver,43,39,0.524,15,97.2,96.1,1.65
2016,Detroit Pistons,Detroit,37,45,0.451,16,101.3,102.5,-1.29
2011,Detroit Pistons,Detroit,25,41,0.379,25,90.9,95.7,-5.19
2000,Detroit Pistons,Detroit,32,50,0.39,20,95.6,97.3,-2.08
2013,Detroit Pistons,Detroit,29,53,0.354,27,101,104.7,-4.13
2012,Detroit Pistons,Detroit,29,53,0.354,20.5,94.9,98.8,-4.33
2010,Detroit Pistons,Detroit,30,52,0.366,32,97,100.6,-3.78
2014,Detroit Pistons,Detroit,32,50,0.39,21,98.5,99.5,-1.39
2009,Detroit Pistons,Detroit,27,55,0.329,34,94,99.1,-5.02
2017,Detroit Pistons,Detroit,39,43,0.476,20,103.8,103.9,-0.26
2006,Detroit Pistons,Detroit,53,29,0.646,—,96,91.8,3.69
2005,Detroit Pistons,Detroit,64,18,0.78,—,96.8,90.2,6.24
2002,Detroit Pistons,Detroit,50,32,0.61,—,91.4,87.7,2.97
2007,Detroit Pistons,Detroit,59,23,0.72,—,97.5,90.1,6.67
2004,Detroit Pistons,Detroit,54,28,0.659,—,93.3,89.5,3.31
2001,Detroit Pistons,Detroit,50,32,0.61,—,94.3,92.2,1.69
2003,Detroit Pistons,Detroit,54,28,0.659,7,90.1,84.3,5.04
2018,Detroit Pistons,Detroit,41,41,0.5,19,107,107.3,-0.56
2015,Detroit Pistons,Detroit,44,38,0.537,13,102,101.4,0.43
2008,Detroit Pistons,Detroit,39,43,0.476,27,94.2,94.7,-0.36
2008,Golden State Warriors,Oakland,29,53,0.354,36,108.6,112.3,-3.8
2003,Golden State Warriors,Oakland,37,45,0.451,19,93.3,94,-0.07
2002,Golden State Warriors,Oakland,38,44,0.463,21,102.4,103.6,-0.6
2010,Golden State Warriors,Oakland,36,46,0.439,21,103.4,105.7,-2
2004,Golden State Warriors,Oakland,34,48,0.415,28,98.7,100.9,-1.74
2011,Golden State Warriors,Oakland,23,43,0.348,18,97.8,101.2,-2.79
2009,Golden State Warriors,Oakland,26,56,0.317,31,108.8,112.4,-3.28
2005,Golden State Warriors,Oakland,34,48,0.415,20,98.5,99.8,-1.11
2001,Golden State Warriors,Oakland,21,61,0.256,40,97.7,103.1,-4.8
2000,Golden State Warriors,Oakland,17,65,0.207,39,92.5,101.5,-8.11
2007,Golden State Warriors,Oakland,48,34,0.585,9,111,108.8,2.38
2018,Golden State Warriors,Oakland,57,25,0.695,—,117.7,111.2,6.42
2016,Golden State Warriors,Oakland,67,15,0.817,—,115.9,104.3,11.35
2015,Golden State Warriors,Oakland,73,9,0.89,—,114.9,104.1,10.38
2014,Golden State Warriors,Oakland,67,15,0.817,—,110,99.9,10.01
2017,Golden State Warriors,Oakland,58,24,0.707,7,113.5,107.5,5.79
2013,Golden State Warriors,Oakland,51,31,0.622,6,104.3,99.5,5.15
2012,Golden State Warriors,Oakland,47,35,0.573,9,101.2,100.3,1.32
2006,Golden State Warriors,Oakland,42,40,0.512,19,106.5,106.9,0
2001,Houston Rockets,Houston,28,54,0.341,30,92.3,97.2,-4.31
2005,Houston Rockets,Houston,34,48,0.415,29,90.1,91.7,-1.3
2011,Houston Rockets,Houston,34,32,0.515,16,98.1,97.9,0.57
2010,Houston Rockets,Houston,43,39,0.524,18,105.9,103.7,2.37
2009,Houston Rockets,Houston,42,40,0.512,13,102.4,102.7,-0.02
2002,Houston Rockets,Houston,43,39,0.524,17,93.8,92.3,1.89
2000,Houston Rockets,Houston,45,37,0.549,13,97.2,94.9,2.71
2017,Houston Rockets,Houston,65,17,0.793,—,112.4,103.9,8.21
2014,Houston Rockets,Houston,56,26,0.683,—,103.9,100.5,3.82
2016,Houston Rockets,Houston,55,27,0.671,12,115.3,109.6,5.84
2018,Houston Rockets,Houston,53,29,0.646,4,113.9,109.1,4.96
2013,Houston Rockets,Houston,54,28,0.659,8,107.7,103.1,5.06
2008,Houston Rockets,Houston,53,29,0.646,1,98.4,94.4,3.73
2007,Houston Rockets,Houston,55,27,0.671,1,96.7,92,4.83
2006,Houston Rockets,Houston,52,30,0.634,15,97,92.1,5.04
2004,Houston Rockets,Houston,51,31,0.622,8,95.1,91,4.27
2003,Houston Rockets,Houston,45,37,0.549,13,89.8,88,2.28
2015,Houston Rockets,Houston,41,41,0.5,32,106.5,106.4,0.34
2012,Houston Rockets,Houston,45,37,0.549,13,106,102.5,3.69
2009,Indiana Pacers,Indianapolis,32,50,0.39,29,100.8,103.8,-3.11
2014,Indiana Pacers,Indianapolis,38,44,0.463,15,97.3,97,-0.23
2008,Indiana Pacers,Indianapolis,36,46,0.439,30,105.1,106.2,-0.76
2007,Indiana Pacers,Indianapolis,36,46,0.439,23,104,105.4,-1.87
2006,Indiana Pacers,Indianapolis,35,47,0.427,18,95.6,98,-2.62
2013,Indiana Pacers,Indianapolis,56,26,0.683,—,96.7,92.3,3.63
2003,Indiana Pacers,Indianapolis,61,21,0.744,—,91.4,85.6,4.93
2012,Indiana Pacers,Indianapolis,49,32,0.605,—,94.7,90.7,3.34
2011,Indiana Pacers,Indianapolis,42,24,0.636,8,97.7,94.4,2.6
2002,Indiana Pacers,Indianapolis,48,34,0.585,2,96.8,93.3,2.79
2018,Indiana Pacers,Indianapolis,48,34,0.585,12,108,104.7,2.76
2017,Indiana Pacers,Indianapolis,48,34,0.585,11,105.6,104.2,1.18
2005,Indiana Pacers,Indianapolis,41,41,0.5,23,93.9,92,1.62
2004,Indiana Pacers,Indianapolis,44,38,0.537,10,93,92.2,0.49
2016,Indiana Pacers,Indianapolis,42,40,0.512,11,105.1,105.3,-0.64
2015,Indiana Pacers,Indianapolis,45,37,0.549,12,102.2,100.5,1.62
2010,Indiana Pacers,Indianapolis,37,45,0.451,25,99.8,100.9,-1.38
2001,Indiana Pacers,Indianapolis,42,40,0.512,8,96.8,96.5,-0.07
2000,Indiana Pacers,Indianapolis,41,41,0.5,11,92.6,92.8,-0.77
2017,Los Angeles Clippers,Los Angeles,42,40,0.512,23,109,109,0.15
2004,Los Angeles Clippers,Los Angeles,37,45,0.451,25,95.7,96.5,-0.47
2009,Los Angeles Clippers,Los Angeles,29,53,0.354,28,95.7,102.1,-6.01
2007,Los Angeles Clippers,Los Angeles,23,59,0.28,34,93.8,101.1,-6.56
2000,Los Angeles Clippers,Los Angeles,31,51,0.378,25,92.5,95.3,-2.23
2010,Los Angeles Clippers,Los Angeles,32,50,0.39,25,98.6,101.8,-2.71
2002,Los Angeles Clippers,Los Angeles,27,55,0.329,32,93.8,97.9,-3.45
2008,Los Angeles Clippers,Los Angeles,19,63,0.232,46,95.1,103.9,-8.47
2003,Los Angeles Clippers,Los Angeles,28,54,0.341,28,94.8,99.4,-3.74
2006,Los Angeles Clippers,Los Angeles,40,42,0.488,21,95.6,96.1,-0.07
2001,Los Angeles Clippers,Los Angeles,39,43,0.476,22,95.7,96.1,-0.09
2014,Los Angeles Clippers,Los Angeles,56,26,0.683,11,106.7,100.1,6.8
2013,Los Angeles Clippers,Los Angeles,57,25,0.695,—,107.9,101,7.27
2016,Los Angeles Clippers,Los Angeles,51,31,0.622,16,108.7,104.4,4.42
2015,Los Angeles Clippers,Los Angeles,53,29,0.646,20,104.5,100.2,4.13
2012,Los Angeles Clippers,Los Angeles,56,26,0.683,—,101.1,94.6,6.43
2011,Los Angeles Clippers,Los Angeles,40,26,0.606,1,97.5,95,2.82
2005,Los Angeles Clippers,Los Angeles,47,35,0.573,7,97.2,95.6,1.75
2018,Los Angeles Clippers,Los Angeles,48,34,0.585,9,115.1,114.3,1.09
2018,Los Angeles Lakers,Los Angeles,37,45,0.451,20,111.8,113.5,-1.33
2017,Los Angeles Lakers,Los Angeles,35,47,0.427,30,108.1,109.6,-1.44
2004,Los Angeles Lakers,Los Angeles,34,48,0.415,28,98.7,101.7,-2.32
2016,Los Angeles Lakers,Los Angeles,26,56,0.317,41,104.6,111.5,-6.29
2014,Los Angeles Lakers,Los Angeles,21,61,0.256,46,98.5,105.3,-6.17
2013,Los Angeles Lakers,Los Angeles,27,55,0.329,30,103,109.2,-5.33
2015,Los Angeles Lakers,Los Angeles,17,65,0.207,56,97.3,106.9,-8.92
2009,Los Angeles Lakers,Los Angeles,57,25,0.695,—,101.7,97,4.78
2008,Los Angeles Lakers,Los Angeles,65,17,0.793,—,106.9,99.3,7.11
2007,Los Angeles Lakers,Los Angeles,57,25,0.695,—,108.6,101.3,7.34
2010,Los Angeles Lakers,Los Angeles,57,25,0.695,—,101.5,95.4,6.01
2003,Los Angeles Lakers,Los Angeles,56,26,0.683,—,98.2,94.3,4.35
2000,Los Angeles Lakers,Los Angeles,56,26,0.683,—,100.6,97.2,3.74
2011,Los Angeles Lakers,Los Angeles,41,25,0.621,—,97.3,95.9,1.96
2001,Los Angeles Lakers,Los Angeles,58,24,0.707,3,101.3,94.1,7.15
2002,Los Angeles Lakers,Los Angeles,50,32,0.61,9,100.4,98,2.71
2012,Los Angeles Lakers,Los Angeles,45,37,0.549,11,102.2,101,1.48
2006,Los Angeles Lakers,Los Angeles,42,40,0.512,19,103.3,103.4,0.24
2005,Los Angeles Lakers,Los Angeles,45,37,0.549,9,99.4,96.9,2.53
2009,Memphis Grizzlies,Memphis,40,42,0.488,15,102.5,104,-1.39
2018,Memphis Grizzlies,Memphis,33,49,0.402,24,103.5,106.1,-2.08
2008,Memphis Grizzlies,Memphis,24,58,0.293,30,93.9,99.3,-5.23
2002,Memphis Grizzlies,Memphis,28,54,0.341,32,97.5,100.7,-2.6
2007,Memphis Grizzlies,Memphis,22,60,0.268,34,100.7,106.9,-5.76
2001,Memphis Grizzlies,Memphis,23,59,0.28,35,89.9,97.3,-6.74
2017,Memphis Grizzlies,Memphis,22,60,0.268,43,99.3,105.5,-5.81
2006,Memphis Grizzlies,Memphis,22,60,0.268,45,101.6,106.7,-4.44
2011,Memphis Grizzlies,Memphis,41,25,0.621,9,95,93,2.43
2014,Memphis Grizzlies,Memphis,55,27,0.671,1,98.3,95.1,3.62
2012,Memphis Grizzlies,Memphis,56,26,0.683,2,93.4,89.3,4.32
2005,Memphis Grizzlies,Memphis,49,33,0.598,14,92.2,88.5,3.74
2003,Memphis Grizzlies,Memphis,50,32,0.61,8,96.7,94.3,2.95
2016,Memphis Grizzlies,Memphis,43,39,0.524,24,100.5,100,0.96
2015,Memphis Grizzlies,Memphis,42,40,0.512,31,99.1,101.3,-2.14
2013,Memphis Grizzlies,Memphis,50,32,0.61,12,96.1,94.6,2.18
2010,Memphis Grizzlies,Memphis,46,36,0.561,15,99.9,97.6,2.55
2004,Memphis Grizzlies,Memphis,45,37,0.549,14,93.4,91.1,2.64
2018,Miami Heat,Miami,39,43,0.476,21,105.7,106,-0.45
2014,Miami Heat,Miami,37,45,0.451,23,94.7,97.3,-2.92
2001,Miami Heat,Miami,36,46,0.439,16,87.2,88.7,-1.84
2002,Miami Heat,Miami,25,57,0.305,24,85.6,90.6,-5.13
2007,Miami Heat,Miami,15,67,0.183,37,91.4,100,-8.53
2016,Miami Heat,Miami,41,41,0.5,12,103.2,102.1,0.77
2012,Miami Heat,Miami,66,16,0.805,—,102.9,95,7.03
2004,Miami Heat,Miami,59,23,0.72,—,101.5,95,5.77
2013,Miami Heat,Miami,54,28,0.659,—,102.2,97.4,4.15
2011,Miami Heat,Miami,46,20,0.697,—,98.5,92.5,5.72
2010,Miami Heat,Miami,58,24,0.707,—,102.1,94.6,6.76
2005,Miami Heat,Miami,52,30,0.634,—,99.9,96,3.59
2015,Miami Heat,Miami,48,34,0.585,9,100,98.4,1.5
2000,Miami Heat,Miami,50,32,0.61,6,88.9,86.6,1.73
2006,Miami Heat,Miami,44,38,0.537,—,94.6,95.5,-1.21
2003,Miami Heat,Miami,42,40,0.512,5,90.3,89.7,-0.13
2009,Miami Heat,Miami,47,35,0.573,12,96.5,94.2,1.99
2008,Miami Heat,Miami,43,39,0.524,16,98.3,98,0.49
2017,Miami Heat,Miami,44,38,0.537,15,103.4,102.9,0.15
2015,Milwaukee Bucks,Milwaukee,33,49,0.402,24,99,103.2,-3.98
2008,Milwaukee Bucks,Milwaukee,34,48,0.415,32,99.3,100.4,-0.88
2007,Milwaukee Bucks,Milwaukee,26,56,0.317,33,97,103.9,-6.92
2004,Milwaukee Bucks,Milwaukee,30,52,0.366,24,97.2,100.2,-3.09
2006,Milwaukee Bucks,Milwaukee,28,54,0.341,25,99.7,104,-4.43
2013,Milwaukee Bucks,Milwaukee,15,67,0.183,41,95.5,103.7,-8.41
2011,Milwaukee Bucks,Milwaukee,31,35,0.47,19,99,98.7,-0.23
2010,Milwaukee Bucks,Milwaukee,35,47,0.427,27,91.9,92.7,-1.02
2001,Milwaukee Bucks,Milwaukee,41,41,0.5,9,97.5,97.7,-0.62
2018,Milwaukee Bucks,Milwaukee,60,22,0.732,—,118.1,109.3,8.04
2000,Milwaukee Bucks,Milwaukee,52,30,0.634,—,100.7,96.9,3.14
2016,Milwaukee Bucks,Milwaukee,42,40,0.512,11,103.6,103.8,-0.45
2014,Milwaukee Bucks,Milwaukee,41,41,0.5,12,97.8,97.4,-0.09
2009,Milwaukee Bucks,Milwaukee,46,36,0.561,15,97.7,96,1.37
2003,Milwaukee Bucks,Milwaukee,41,41,0.5,20,98,97,0.42
2017,Milwaukee Bucks,Milwaukee,44,38,0.537,15,106.5,106.8,-0.45
2002,Milwaukee Bucks,Milwaukee,42,40,0.512,8,99.5,99.3,-0.24
2012,Milwaukee Bucks,Milwaukee,38,44,0.463,11.5,98.9,100.4,-1.83
2005,Milwaukee Bucks,Milwaukee,40,42,0.488,24,97.8,98.8,-1.07
2013,Minnesota Timberwolves,Minneapolis,40,42,0.488,19,106.9,104.3,3.1
2018,Minnesota Timberwolves,Minneapolis,36,46,0.439,21,112.5,114,-1.02
2008,Minnesota Timberwolves,Minneapolis,24,58,0.293,30,97.8,102.7,-4.74
2012,Minnesota Timberwolves,Minneapolis,31,51,0.378,29,95.7,98.1,-1.83
2011,Minnesota Timberwolves,Minneapolis,26,40,0.394,21,97.9,100.1,-1.83
2016,Minnesota Timberwolves,Minneapolis,31,51,0.378,36,105.6,106.7,-0.64
2015,Minnesota Timberwolves,Minneapolis,29,53,0.354,44,102.4,106,-3.38
2006,Minnesota Timberwolves,Minneapolis,32,50,0.39,19,96.1,99.7,-3.16
2007,Minnesota Timberwolves,Minneapolis,22,60,0.268,32,95.6,102.4,-6.26
2005,Minnesota Timberwolves,Minneapolis,33,49,0.402,11,91.7,93.6,-1.75
2014,Minnesota Timberwolves,Minneapolis,16,66,0.195,35,97.8,106.5,-8
2010,Minnesota Timberwolves,Minneapolis,17,65,0.207,38,101.1,107.7,-5.97
2009,Minnesota Timberwolves,Minneapolis,15,67,0.183,38,98.2,107.8,-9.06
2004,Minnesota Timberwolves,Minneapolis,44,38,0.537,8,96.8,95.3,1.73
2003,Minnesota Timberwolves,Minneapolis,58,24,0.707,—,94.5,89.1,5.86
2002,Minnesota Timberwolves,Minneapolis,51,31,0.622,9,98.1,96,2.46
2001,Minnesota Timberwolves,Minneapolis,50,32,0.61,8,99.3,96,3.58
2017,Minnesota Timberwolves,Minneapolis,47,35,0.573,18,109.5,107.3,2.35
2000,Minnesota Timberwolves,Minneapolis,47,35,0.573,11,97.3,96,1.81
2007,New Jersey Nets,East Rutherford,34,48,0.415,32,95.8,100.9,-5.15
2008,New Jersey Nets,East Rutherford,34,48,0.415,28,98.1,100.5,-2.31
2011,New Jersey Nets,East Rutherford,22,44,0.333,17,93.1,99.1,-6.37
2010,New Jersey Nets,East Rutherford,24,58,0.293,32,94.2,100.4,-6.28
2000,New Jersey Nets,East Rutherford,26,56,0.317,30,92.1,97.1,-5.3
2009,New Jersey Nets,East Rutherford,12,70,0.146,38,92.4,101.5,-8.93
2001,New Jersey Nets,East Rutherford,52,30,0.634,—,96.2,92,3.67
2003,New Jersey Nets,East Rutherford,47,35,0.573,—,90.3,87.8,1.88
2002,New Jersey Nets,East Rutherford,49,33,0.598,—,95.4,90.1,4.42
2005,New Jersey Nets,East Rutherford,49,33,0.598,—,93.8,92.4,1.11
2006,New Jersey Nets,East Rutherford,41,41,0.5,6,97.6,98.3,-1
2004,New Jersey Nets,East Rutherford,42,40,0.512,3,91.4,92.9,-1.82
2009,New Orleans Hornets,New Orleans,37,45,0.451,18,100.2,102.7,-2.27
2012,New Orleans Hornets,New Orleans,27,55,0.329,31,94.1,97.9,-3.12
2011,New Orleans Hornets,New Orleans,21,45,0.318,29,89.6,93.4,-3.11
2004,New Orleans Hornets,New Orleans,18,64,0.22,41,88.4,95.5,-6.3
2007,New Orleans Hornets,New Orleans,56,26,0.683,—,100.9,95.6,5.46
2003,New Orleans Hornets,New Orleans,41,41,0.5,20,91.8,91.9,-0.72
2002,New Orleans Hornets,New Orleans,47,35,0.573,3,93.9,91.8,1.52
2010,New Orleans Hornets,New Orleans,46,36,0.561,15,94.9,94,1.28
2008,New Orleans Hornets,New Orleans,49,33,0.598,5,95.8,94.3,1.41
2016,New Orleans Pelicans,New Orleans,34,48,0.415,33,104.3,106.4,-1.69
2015,New Orleans Pelicans,New Orleans,30,52,0.366,43,102.7,106.5,-3.56
2013,New Orleans Pelicans,New Orleans,34,48,0.415,28,99.7,102.4,-1.98
2018,New Orleans Pelicans,New Orleans,33,49,0.402,24,115.4,116.8,-1.1
2017,New Orleans Pelicans,New Orleans,48,34,0.585,17,111.7,110.4,1.48
2014,New Orleans Pelicans,New Orleans,45,37,0.549,11,99.4,98.6,1.13
2006,New Orleans Hornets,New Orleans,39,43,0.476,28,95.5,97.1,-1.19
2005,New Orleans Hornets,New Orleans,38,44,0.463,25,92.8,95.6,-2.51
2002,New York Knicks,New York City,37,45,0.451,12,95.9,97.2,-1.61
2017,New York Knicks,New York City,29,53,0.354,30,104.5,108,-3.53
2009,New York Knicks,New York City,29,53,0.354,21,102.1,105.9,-4.01
2016,New York Knicks,New York City,31,51,0.378,22,104.3,108,-3.87
2006,New York Knicks,New York City,33,49,0.402,14,97.5,100.3,-3.06
2004,New York Knicks,New York City,33,49,0.402,12,97.3,99.7,-2.72
2015,New York Knicks,New York City,32,50,0.39,25,98.4,101.1,-2.74
2001,New York Knicks,New York City,30,52,0.366,22,91.6,95.6,-4.15
2008,New York Knicks,New York City,32,50,0.39,30,105.2,107.8,-2.33
2007,New York Knicks,New York City,23,59,0.28,43,96.9,103.5,-6.55
2018,New York Knicks,New York City,17,65,0.207,43,104.6,113.8,-8.93
2014,New York Knicks,New York City,17,65,0.207,32,91.9,101.2,-9.5
2005,New York Knicks,New York City,23,59,0.28,26,95.6,102,-6.3
2013,New York Knicks,New York City,37,45,0.451,11,98.6,99.4,-1.4
2012,New York Knicks,New York City,54,28,0.659,—,100,95.7,3.73
2000,New York Knicks,New York City,48,34,0.585,8,88.7,86.1,1.98
2010,New York Knicks,New York City,42,40,0.512,14,106.5,105.7,0.48
2011,New York Knicks,New York City,36,30,0.545,3,97.8,94.7,2.39
2003,New York Knicks,New York City,39,43,0.476,8,92,93.5,-1.97
2008,Oklahoma City Thunder,Oklahoma City,23,59,0.28,31,97,103.1,-6.04
2014,Oklahoma City Thunder,Oklahoma City,45,37,0.549,6,104,101.8,2.47
2012,Oklahoma City Thunder,Oklahoma City,60,22,0.732,—,105.7,96.5,9.15
2013,Oklahoma City Thunder,Oklahoma City,59,23,0.72,—,106.2,99.8,6.66
2011,Oklahoma City Thunder,Oklahoma City,47,19,0.712,—,103.1,96.9,6.44
2015,Oklahoma City Thunder,Oklahoma City,55,27,0.671,18,110.2,102.9,7.09
2017,Oklahoma City Thunder,Oklahoma City,48,34,0.585,17,107.9,104.4,3.42
2010,Oklahoma City Thunder,Oklahoma City,55,27,0.671,—,104.8,101,3.81
2018,Oklahoma City Thunder,Oklahoma City,49,33,0.598,8,114.5,111.1,3.56
2016,Oklahoma City Thunder,Oklahoma City,47,35,0.573,20,106.6,105.8,1.14
2009,Oklahoma City Thunder,Oklahoma City,50,32,0.61,3,101.5,98,3.55
2005,Orlando Magic,Orlando,36,46,0.439,16,94.9,96,-1.26
2004,Orlando Magic,Orlando,36,46,0.439,23,99.5,101.8,-2.52
2015,Orlando Magic,Orlando,35,47,0.427,22,102.1,103.7,-1.68
2016,Orlando Magic,Orlando,29,53,0.354,24,101.1,107.6,-6.61
2014,Orlando Magic,Orlando,25,57,0.305,35,95.7,101.4,-5.87
2013,Orlando Magic,Orlando,23,59,0.28,31,96.5,102,-5.88
2017,Orlando Magic,Orlando,25,57,0.305,34,103.4,108.2,-4.92
2012,Orlando Magic,Orlando,20,62,0.244,46,94.1,101.1,-7.12
2003,Orlando Magic,Orlando,21,61,0.256,26,94,101.1,-7.25
2009,Orlando Magic,Orlando,59,23,0.72,—,102.8,95.3,7.12
2008,Orlando Magic,Orlando,59,23,0.72,—,101,94.4,6.48
2007,Orlando Magic,Orlando,52,30,0.634,—,104.5,99,4.79
2010,Orlando Magic,Orlando,52,30,0.634,6,99.2,93.7,4.92
2001,Orlando Magic,Orlando,44,38,0.537,8,100.5,98.9,1.25
2011,Orlando Magic,Orlando,37,29,0.561,9,94.2,93.4,0.46
2018,Orlando Magic,Orlando,42,40,0.512,18,107.3,106.6,0.28
2000,Orlando Magic,Orlando,43,39,0.524,13,97.5,96.5,0.39
2006,Orlando Magic,Orlando,40,42,0.488,4,94.8,94,0.35
2002,Orlando Magic,Orlando,42,40,0.512,7,98.5,98.4,-0.39
2006,Philadelphia 76ers,Philadelphia,35,47,0.427,12,94.9,98,-3.26
2003,Philadelphia 76ers,Philadelphia,33,49,0.402,14,88,90.5,-2.95
2009,Philadelphia 76ers,Philadelphia,27,55,0.329,23,97.7,101.6,-3.93
2016,Philadelphia 76ers,Philadelphia,28,54,0.341,25,102.4,108.1,-5.83
2014,Philadelphia 76ers,Philadelphia,18,64,0.22,31,92,101,-9.04
2013,Philadelphia 76ers,Philadelphia,19,63,0.232,29,99.5,109.9,-10.66
2015,Philadelphia 76ers,Philadelphia,10,72,0.122,47,97.4,107.6,-9.92
2012,Philadelphia 76ers,Philadelphia,34,48,0.415,20,93.2,96.5,-3.51
2005,Philadelphia 76ers,Philadelphia,38,44,0.463,11,99.4,101.3,-2.1
2000,Philadelphia 76ers,Philadelphia,56,26,0.683,—,94.7,90.4,3.64
2018,Philadelphia 76ers,Philadelphia,51,31,0.622,9,115.2,112.5,2.25
2017,Philadelphia 76ers,Philadelphia,52,30,0.634,7,109.8,105.3,4.3
2002,Philadelphia 76ers,Philadelphia,48,34,0.585,1,96.8,94.5,1.76
2008,Philadelphia 76ers,Philadelphia,41,41,0.5,21,97.4,97.3,0.16
2001,Philadelphia 76ers,Philadelphia,43,39,0.524,9,91,89.4,1.27
2010,Philadelphia 76ers,Philadelphia,41,41,0.5,15,99,97.5,1.01
2007,Philadelphia 76ers,Philadelphia,40,42,0.488,26,96.6,96.2,0.19
2004,Philadelphia 76ers,Philadelphia,43,39,0.524,2,99.1,99.9,-1.07
2011,Philadelphia 76ers,Philadelphia,35,31,0.53,4,93.6,89.4,3.59
2014,Phoenix Suns,Phoenix,39,43,0.476,28,102.4,103.3,-0.38
2011,Phoenix Suns,Phoenix,33,33,0.5,8,98.4,98.6,0.29
2010,Phoenix Suns,Phoenix,40,42,0.488,17,105,105.9,-0.46
2001,Phoenix Suns,Phoenix,36,46,0.439,25,95.1,95.8,-0.3
2003,Phoenix Suns,Phoenix,29,53,0.354,27,94.2,97.9,-2.94
2015,Phoenix Suns,Phoenix,23,59,0.28,50,100.9,107.5,-6.32
2018,Phoenix Suns,Phoenix,19,63,0.232,38,107.5,116.8,-8.61
2017,Phoenix Suns,Phoenix,21,61,0.256,44,103.9,113.3,-8.8
2016,Phoenix Suns,Phoenix,24,58,0.293,43,107.7,113.3,-5.14
2012,Phoenix Suns,Phoenix,25,57,0.305,31,95.2,101.6,-5.75
2013,Phoenix Suns,Phoenix,48,34,0.585,9,105.2,102.6,3.02
2008,Phoenix Suns,Phoenix,46,36,0.561,19,109.4,107.5,1.62
2004,Phoenix Suns,Phoenix,62,20,0.756,—,110.4,103.3,7.08
2006,Phoenix Suns,Phoenix,61,21,0.744,—,110.2,102.9,7.28
2005,Phoenix Suns,Phoenix,54,28,0.659,—,108.4,102.8,5.48
2009,Phoenix Suns,Phoenix,54,28,0.659,3,110.2,105.3,4.67
2007,Phoenix Suns,Phoenix,55,27,0.671,2,110.1,105,5.14
2000,Phoenix Suns,Phoenix,51,31,0.622,5,94,91.8,2.63
2002,Phoenix Suns,Phoenix,44,38,0.537,15,95.5,94.4,1.57
2007,Portland Trail Blazers,Portland,41,41,0.5,13,95.4,96.3,-0.52
2003,Portland Trail Blazers,Portland,41,41,0.5,15,90.7,92,-0.58
2012,Portland Trail Blazers,Portland,33,49,0.402,27,97.5,100.7,-2.53
2011,Portland Trail Blazers,Portland,28,38,0.424,19,97.2,97.8,-0.22
2006,Portland Trail Blazers,Portland,32,50,0.39,19,94.1,98.4,-3.78
2004,Portland Trail Blazers,Portland,27,55,0.329,25,92.9,96.9,-3.45
2005,Portland Trail Blazers,Portland,21,61,0.256,23,88.8,98.3,-8.91
2018,Portland Trail Blazers,Portland,53,29,0.646,4,114.7,110.5,4.43
2017,Portland Trail Blazers,Portland,49,33,0.598,16,105.6,103,2.6
2014,Portland Trail Blazers,Portland,51,31,0.622,—,102.8,98.6,4.41
2013,Portland Trail Blazers,Portland,54,28,0.659,5,106.7,102.8,4.44
2008,Portland Trail Blazers,Portland,54,28,0.659,—,99.4,94.1,5
2015,Portland Trail Blazers,Portland,44,38,0.537,29,105.1,104.3,0.98
2010,Portland Trail Blazers,Portland,48,34,0.585,7,96.3,94.8,1.85
2009,Portland Trail Blazers,Portland,50,32,0.61,3,98.1,94.8,3.18
2002,Portland Trail Blazers,Portland,50,32,0.61,9,95.2,92.5,2.97
2001,Portland Trail Blazers,Portland,49,33,0.598,12,96.6,93.7,3.21
2000,Portland Trail Blazers,Portland,50,32,0.61,6,95.4,91.2,4.52
2016,Portland Trail Blazers,Portland,41,41,0.5,26,107.9,108.5,-0.23
2015,Sacramento Kings,Sacramento,33,49,0.402,40,106.6,109.1,-2.32
2007,Sacramento Kings,Sacramento,38,44,0.463,19,102.5,104.8,-1.86
2006,Sacramento Kings,Sacramento,33,49,0.402,28,101.3,103.1,-1.35
2017,Sacramento Kings,Sacramento,27,55,0.329,38,98.8,105.8,-6.6
2016,Sacramento Kings,Sacramento,32,50,0.39,35,102.8,106.7,-3.29
2014,Sacramento Kings,Sacramento,29,53,0.354,38,101.3,105,-3.07
2013,Sacramento Kings,Sacramento,28,54,0.341,29,100.5,103.4,-2.08
2012,Sacramento Kings,Sacramento,28,54,0.341,28,100.2,105.1,-4.26
2011,Sacramento Kings,Sacramento,22,44,0.333,19,98.8,104.4,-4.95
2010,Sacramento Kings,Sacramento,24,58,0.293,33,99.4,104.7,-4.8
2009,Sacramento Kings,Sacramento,25,57,0.305,32,100,104.4,-4.06
2008,Sacramento Kings,Sacramento,17,65,0.207,48,100.6,109.3,-8.6
2018,Sacramento Kings,Sacramento,39,43,0.476,18,114.2,115.3,-0.81
2001,Sacramento Kings,Sacramento,61,21,0.744,—,104.6,97,7.61
2002,Sacramento Kings,Sacramento,59,23,0.72,—,101.7,95.2,6.68
2000,Sacramento Kings,Sacramento,55,27,0.671,1,101.7,95.9,6.07
2003,Sacramento Kings,Sacramento,55,27,0.671,1,102.8,97.8,5.41
2004,Sacramento Kings,Sacramento,50,32,0.61,12,103.7,101.6,2.56
2005,Sacramento Kings,Sacramento,44,38,0.537,10,98.9,97.3,1.61
2013,San Antonio Spurs,San Antonio,62,20,0.756,—,105.4,97.6,8
2011,San Antonio Spurs,San Antonio,50,16,0.758,—,103.7,96.5,7.28
2010,San Antonio Spurs,San Antonio,61,21,0.744,—,103.7,98,5.86
2005,San Antonio Spurs,San Antonio,63,19,0.768,—,95.6,88.8,6.69
2002,San Antonio Spurs,San Antonio,60,22,0.732,—,95.8,90.4,5.65
2000,San Antonio Spurs,San Antonio,58,24,0.707,—,96.2,88.4,7.92
2016,San Antonio Spurs,San Antonio,61,21,0.744,6,105.3,98.1,7.13
2015,San Antonio Spurs,San Antonio,67,15,0.817,6,103.5,92.9,10.28
2012,San Antonio Spurs,San Antonio,58,24,0.707,—,103,96.6,6.67
2004,San Antonio Spurs,San Antonio,59,23,0.72,—,96.2,88.4,7.84
2001,San Antonio Spurs,San Antonio,58,24,0.707,—,96.7,90.5,6.28
2008,San Antonio Spurs,San Antonio,54,28,0.659,—,97,93.3,3.36
2007,San Antonio Spurs,San Antonio,56,26,0.683,—,95.4,90.6,5.1
2006,San Antonio Spurs,San Antonio,58,24,0.707,9,98.5,90.1,8.35
2003,San Antonio Spurs,San Antonio,57,25,0.695,1,91.5,84.3,7.51
2014,San Antonio Spurs,San Antonio,55,27,0.671,1,103.2,97,6.34
2018,San Antonio Spurs,San Antonio,48,34,0.585,9,111.7,110,1.8
2017,San Antonio Spurs,San Antonio,47,35,0.573,18,102.7,99.8,2.89
2009,San Antonio Spurs,San Antonio,50,32,0.61,5,101.4,96.3,5.07
2002,Seattle SuperSonics,Seattle,40,42,0.488,19,92.1,92.3,0.37
2000,Seattle SuperSonics,Seattle,44,38,0.537,12,97.3,97.3,0.55
2005,Seattle SuperSonics,Seattle,35,47,0.427,9,102.6,105.6,-2.88
2003,Seattle SuperSonics,Seattle,37,45,0.451,19,97.1,97.8,0.02
2006,Seattle SuperSonics,Seattle,31,51,0.378,20,99.1,102,-2.45
2007,Seattle SuperSonics,Seattle,20,62,0.244,34,97.5,106.3,-8.04
2004,Seattle SuperSonics,Seattle,52,30,0.634,—,98.9,96.6,2.59
2001,Seattle SuperSonics,Seattle,45,37,0.549,16,97.7,94.7,3.24
2012,Toronto Raptors,Toronto,34,48,0.415,20,97.2,98.7,-1.96
2003,Toronto Raptors,Toronto,33,49,0.402,28,85.4,88.5,-3.42
2011,Toronto Raptors,Toronto,23,43,0.348,16,90.7,94,-3.67
2004,Toronto Raptors,Toronto,33,49,0.402,12,99.7,101.4,-1.81
2005,Toronto Raptors,Toronto,27,55,0.329,22,101.1,104,-3.03
2008,Toronto Raptors,Toronto,33,49,0.402,29,99,101.9,-2.54
2010,Toronto Raptors,Toronto,22,60,0.268,34,99.1,105.4,-6.28
2002,Toronto Raptors,Toronto,24,58,0.293,26,90.9,96.8,-6.1
2009,Toronto Raptors,Toronto,40,42,0.488,10,104.1,105.9,-1.83
2017,Toronto Raptors,Toronto,59,23,0.72,—,111.7,103.9,7.29
2018,Toronto Raptors,Toronto,58,24,0.707,2,114.4,108.4,5.49
2015,Toronto Raptors,Toronto,56,26,0.683,1,102.7,98.2,4.08
2016,Toronto Raptors,Toronto,51,31,0.622,2,106.9,102.6,3.65
2013,Toronto Raptors,Toronto,48,34,0.585,—,101.3,98,2.55
2006,Toronto Raptors,Toronto,47,35,0.573,—,99.5,98.5,0.61
2014,Toronto Raptors,Toronto,49,33,0.598,—,104,100.9,2.45
2000,Toronto Raptors,Toronto,47,35,0.573,5,97.6,95.4,1.69
2007,Toronto Raptors,Toronto,41,41,0.5,25,100.2,97.3,2.47
2001,Toronto Raptors,Toronto,42,40,0.512,8,91.4,91.8,-0.71
2014,Utah Jazz ,Salt Lake City,38,44,0.463,13,95.1,94.9,0.71
2010,Utah Jazz ,Salt Lake City,39,43,0.476,16,99.4,101.3,-1.44
2004,Utah Jazz ,Salt Lake City,26,56,0.317,26,93,97.3,-3.74
2013,Utah Jazz ,Salt Lake City,25,57,0.305,34,95,102.2,-6.27
2015,Utah Jazz ,Salt Lake City,40,42,0.488,33,97.7,95.9,1.84
2012,Utah Jazz ,Salt Lake City,43,39,0.524,17,98,98.1,0.3
2005,Utah Jazz ,Salt Lake City,41,41,0.5,3,92.4,95,-2.49
2003,Utah Jazz ,Salt Lake City,42,40,0.512,16,88.7,89.9,-0.53
2007,Utah Jazz ,Salt Lake City,54,28,0.659,—,106.2,99.3,6.86
2006,Utah Jazz ,Salt Lake City,51,31,0.622,—,101.5,98.6,3.06
2000,Utah Jazz ,Salt Lake City,53,29,0.646,5,97.1,92.4,5
2018,Utah Jazz ,Salt Lake City,50,32,0.61,7,111.7,106.5,5.28
2017,Utah Jazz ,Salt Lake City,48,34,0.585,17,104.1,99.8,4.47
2016,Utah Jazz ,Salt Lake City,51,31,0.622,16,100.7,96.8,4
2009,Utah Jazz ,Salt Lake City,53,29,0.646,—,104.2,98.9,5.33
2002,Utah Jazz ,Salt Lake City,47,35,0.573,13,94.7,92.3,2.76
2011,Utah Jazz ,Salt Lake City,36,30,0.545,11,99.7,99,0.92
2008,Utah Jazz ,Salt Lake City,48,34,0.585,6,103.6,100.9,2.31
2001,Utah Jazz ,Salt Lake City,44,38,0.537,14,96,95.1,1.21
2000,Vancouver Grizzlies,Vancouver,23,59,0.28,35,91.7,97.5,-4.94
2015,Washington Wizards,Washington,41,41,0.5,16,104.1,104.6,-0.5
2001,Washington Wizards,Washington,37,45,0.451,15,92.8,94.2,-1.58
2018,Washington Wizards,Washington,32,50,0.39,28,114,116.9,-3.3
2012,Washington Wizards,Washington,29,53,0.354,37,93.2,95.8,-2.78
2010,Washington Wizards,Washington,23,59,0.28,35,97.3,104.7,-7.3
2003,Washington Wizards,Washington,25,57,0.305,22,91.8,97.4,-6.12
2011,Washington Wizards,Washington,20,46,0.303,26,93.6,98.4,-5.14
2009,Washington Wizards,Washington,26,56,0.317,33,96.2,101,-4.72
2000,Washington Wizards,Washington,19,63,0.232,37,93.2,99.9,-6.75
2008,Washington Wizards,Washington,19,63,0.232,40,96.1,103.5,-6.98
2002,Washington Wizards,Washington,37,45,0.451,12,91.5,92.5,-1.47
2016,Washington Wizards,Washington,49,33,0.598,4,109.2,107.4,1.36
2014,Washington Wizards,Washington,46,36,0.561,14,98.5,97.8,0.17
2013,Washington Wizards,Washington,44,38,0.537,10,100.7,99.4,0.48
2007,Washington Wizards,Washington,43,39,0.524,9,98.8,99.2,-0.61
2005,Washington Wizards,Washington,42,40,0.512,10,101.7,99.8,1.57
2004,Washington Wizards,Washington,45,37,0.549,14,100.5,100.8,-0.71
2006,Washington Wizards,Washington,41,41,0.5,3,104.3,104.9,-0.8
2017,Washington Wizards,Washington,43,39,0.524,16,106.6,106,0.53
